date,close,high,low,open,volume
2023-01-03,1839.70,1839.70,1836.20,1836.20,29.00
2023-01-04,1852.80,1859.10,1845.60,1845.60,25.00
2023-01-05,1834.80,1855.20,1834.80,1855.20,24.00
2023-01-06,1864.20,1868.20,1835.30,1838.40,26.00
2023-01-09,1872.70,1880.00,1867.00,1867.00,62.00
2023-01-10,1871.60,1878.10,1871.60,1877.80,101.00
2023-01-11,1874.60,1877.80,1873.10,1873.10,1236.00
2023-01-12,1895.50,1897.40,1877.20,1877.20,59.00
2023-01-13,1918.40,1920.90,1898.30,1899.00,512.00
2023-01-17,1907.20,1920.10,1905.20,1920.10,706.00
2023-01-18,1904.40,1911.10,1903.10,1911.10,1027.00
2023-01-19,1922.10,1931.80,1922.10,1922.10,371.00
2023-01-20,1926.40,1928.50,1921.40,1922.10,1346.00
2023-01-23,1927.10,1927.10,1915.00,1926.50,218.00
2023-01-24,1933.90,1936.80,1931.80,1931.80,201.00
2023-01-25,1941.20,1941.20,1939.80,1941.20,7.00
2023-01-26,1929.10,1937.10,1927.10,1936.60,131.00
2023-01-27,1928.60,1928.60,1928.60,1928.60,150902.00
2023-01-30,1922.90,1933.60,1920.30,1928.30,27220.00
2023-01-31,1929.50,1930.40,1900.60,1923.00,1910.00
2023-02-01,1927.80,1955.00,1922.00,1927.20,2290.00
2023-02-02,1916.30,1959.10,1911.30,1952.30,748.00
2023-02-03,1862.90,1917.00,1861.50,1912.40,992.00
2023-02-06,1866.20,1880.00,1863.40,1865.60,424.00
2023-02-07,1871.70,1875.70,1868.00,1870.00,297.00
2023-02-08,1877.40,1880.40,1872.10,1872.10,230.00
2023-02-09,1866.20,1884.60,1859.80,1875.30,223.00
2023-02-10,1862.80,1863.50,1852.40,1861.60,27.00
2023-02-13,1851.90,1861.00,1850.00,1859.00,569.00
2023-02-14,1854.00,1862.00,1846.20,1854.10,656.00
2023-02-15,1834.20,1842.00,1828.20,1842.00,368.00
2023-02-16,1842.00,1843.70,1827.20,1838.60,222.00
2023-02-17,1840.40,1842.20,1818.40,1827.40,35.00
2023-02-21,1833.00,1843.00,1833.00,1842.60,862.00
2023-02-22,1832.00,1836.20,1825.10,1835.70,278.00
2023-02-23,1818.00,1827.50,1818.00,1826.40,291.00
2023-02-24,1808.80,1808.80,1808.80,1808.80,404.00
2023-02-27,1817.00,1817.50,1808.90,1811.60,829.00
2023-02-28,1828.90,1830.00,1808.10,1808.10,618.00
2023-03-01,1837.70,1841.70,1827.10,1827.10,211.00
2023-03-02,1833.50,1836.30,1830.00,1830.00,154.00
2023-03-03,1847.70,1855.40,1837.30,1837.30,61.00
2023-03-06,1847.90,1853.80,1844.20,1853.30,5.00
2023-03-07,1813.90,1840.90,1813.90,1840.90,450.00
2023-03-08,1812.70,1812.90,1811.50,1811.60,75.00
2023-03-09,1829.30,1829.30,1815.60,1816.40,332.00
2023-03-10,1862.00,1868.50,1852.00,1852.30,248.00
2023-03-13,1911.70,1913.10,1875.10,1890.80,503.00
2023-03-14,1906.20,1912.20,1901.10,1912.20,107.00
2023-03-15,1926.60,1926.60,1898.50,1903.90,564.00
2023-03-16,1919.00,1931.70,1909.90,1909.90,394.00
2023-03-17,1969.80,1985.10,1946.00,1946.00,82.00
2023-03-20,1979.20,2003.90,1968.90,1988.30,389.00
2023-03-21,1938.00,1973.80,1938.00,1973.80,47.00
2023-03-22,1946.80,1974.00,1946.80,1946.80,50.00
2023-03-23,1993.80,1994.60,1990.50,1990.50,33.00
2023-03-24,1982.10,1995.40,1982.10,1991.70,19.00
2023-03-27,1952.40,1957.20,1952.40,1957.20,877.00
2023-03-28,1972.40,1972.40,1972.40,1972.40,21.00
2023-03-29,1966.10,1966.10,1966.10,1966.10,88563.00
2023-03-30,1980.30,1984.40,1954.90,1965.90,10119.00
2023-03-31,1969.00,1986.80,1968.00,1981.30,957.00
2023-04-03,1983.90,1991.70,1950.00,1968.10,737.00
2023-04-04,2022.20,2027.10,1979.00,1984.60,811.00
2023-04-05,2020.90,2033.80,2013.60,2022.10,525.00
2023-04-06,2011.90,2023.30,2005.00,2022.20,0.00
2023-04-10,1989.10,2006.60,1984.00,2000.00,652.00
2023-04-11,2004.80,2006.50,1991.40,1991.40,68.00
2023-04-12,2010.90,2025.70,2005.20,2005.20,172.00
2023-04-13,2041.30,2048.60,2015.60,2015.60,1043.00
2023-04-14,2002.20,2047.80,1995.00,2041.00,718.00
2023-04-17,1994.20,2007.60,1983.20,2002.70,554.00
2023-04-18,2007.40,2007.40,1996.90,1996.90,72.00
2023-04-19,1995.20,2006.40,1969.80,2005.70,61.00
2023-04-20,2007.60,2007.60,1998.00,1998.00,164.00
2023-04-21,1979.50,1996.20,1974.10,1996.20,132.00
2023-04-24,1989.10,1989.80,1977.40,1981.30,145.00
2023-04-25,1994.00,1999.10,1982.30,1995.70,306.00
2023-04-26,1985.70,1998.80,1985.60,1997.80,615.00
2023-04-27,1989.90,2002.30,1979.90,1990.60,355.00
2023-04-28,1990.10,1990.10,1977.70,1986.90,152.00
2023-05-01,1983.40,2005.00,1976.90,1980.10,210.00
2023-05-02,2014.30,2018.00,1994.70,1994.70,1896.00
2023-05-03,2028.60,2035.10,2015.20,2017.10,1349.00
2023-05-04,2048.00,2072.00,2040.00,2045.00,930.00
2023-05-05,2017.40,2046.40,2004.30,2046.40,59.00
2023-05-08,2026.30,2026.30,2022.50,2022.50,3.00
2023-05-09,2036.20,2037.30,2025.90,2026.60,241.00
2023-05-10,2030.50,2044.30,2029.50,2032.30,248.00
2023-05-11,2014.70,2038.30,2014.00,2034.10,90.00
2023-05-12,2014.50,2014.50,2014.50,2014.50,115.00
2023-05-15,2018.00,2018.00,2013.80,2013.80,3.00
2023-05-16,1988.40,1988.40,1988.40,1988.40,49.00
2023-05-17,1980.70,1983.60,1980.70,1983.60,13.00
2023-05-18,1956.50,1956.80,1956.50,1956.50,23.00
2023-05-19,1978.70,1978.70,1960.00,1960.00,106.00
2023-05-22,1974.80,1980.50,1974.80,1980.50,8.00
2023-05-23,1972.40,1972.40,1972.40,1972.40,1.00
2023-05-24,1962.80,1975.40,1962.80,1975.40,189.00
2023-05-25,1943.10,1943.10,1943.10,1943.10,1.00
2023-05-26,1944.10,1948.40,1944.10,1948.20,166036.00
2023-05-30,1958.00,1962.60,1931.00,1942.70,37838.00
2023-05-31,1963.90,1973.00,1953.00,1958.20,5959.00
2023-06-01,1978.00,1983.00,1954.30,1963.20,750.00
2023-06-02,1952.40,1982.50,1947.40,1977.10,356.00
2023-06-05,1958.00,1961.90,1937.80,1947.50,713.00
2023-06-06,1965.50,1965.50,1958.80,1960.80,164.00
2023-06-07,1942.70,1968.40,1940.70,1959.00,139.00
2023-06-08,1963.60,1969.00,1943.10,1943.20,433.00
2023-06-09,1962.20,1969.80,1960.30,1965.10,49.00
2023-06-12,1955.30,1963.50,1951.40,1959.70,212.00
2023-06-13,1944.60,1967.50,1940.30,1960.60,343.00
2023-06-14,1955.30,1958.20,1940.30,1946.20,202.00
2023-06-15,1957.80,1958.80,1926.00,1941.70,329.00
2023-06-16,1958.40,1962.90,1953.50,1961.40,119.00
2023-06-20,1935.50,1958.60,1931.30,1958.60,193.00
2023-06-21,1933.30,1936.80,1920.00,1935.60,557.00
2023-06-22,1912.70,1921.00,1912.10,1920.00,237.00
2023-06-23,1919.10,1932.50,1918.70,1918.70,105.00
2023-06-26,1923.70,1928.50,1922.50,1922.90,71.00
2023-06-27,1914.00,1929.40,1914.00,1927.00,49.00
2023-06-28,1912.30,1912.30,1912.30,1912.30,628.00
2023-06-29,1909.20,1909.90,1892.50,1909.90,289.00
2023-06-30,1921.10,1921.10,1900.60,1908.60,445.00
2023-07-03,1921.70,1929.50,1917.90,1917.90,41.00
2023-07-05,1919.60,1933.90,1914.70,1923.50,193.00
2023-07-06,1908.70,1910.20,1903.20,1909.30,81.00
2023-07-07,1926.20,1934.10,1913.40,1913.40,61.00
2023-07-10,1925.00,1926.10,1912.30,1923.60,269.00
2023-07-11,1931.30,1937.00,1924.20,1925.00,142.00
2023-07-12,1956.20,1958.00,1932.20,1932.30,132.00
2023-07-13,1959.20,1961.10,1953.00,1961.10,121.00
2023-07-14,1960.10,1960.60,1952.70,1958.40,94.00
2023-07-17,1952.40,1956.50,1946.60,1954.00,29.00
2023-07-18,1977.20,1978.40,1963.40,1968.80,83.00
2023-07-19,1977.50,1977.50,1973.00,1977.00,35.00
2023-07-20,1968.30,1973.70,1965.60,1973.70,638.00
2023-07-21,1964.30,1964.30,1961.80,1961.80,50.00
2023-07-24,1960.30,1965.50,1960.30,1965.30,2.00
2023-07-25,1962.10,1962.50,1953.00,1953.00,19.00
2023-07-26,1968.90,1972.00,1966.20,1966.20,51.00
2023-07-27,1945.40,1945.40,1945.40,1945.40,194253.00
2023-07-28,1960.40,1962.20,1944.20,1945.50,23155.00
2023-07-31,1970.50,1971.60,1950.00,1959.20,1025.00
2023-08-01,1940.70,1965.40,1940.70,1964.90,688.00
2023-08-02,1937.40,1953.60,1933.20,1948.40,652.00
2023-08-03,1932.00,1936.50,1928.00,1934.20,773.00
2023-08-04,1939.60,1945.00,1920.00,1934.90,290.00
2023-08-07,1933.50,1941.00,1929.80,1941.00,376.00
2023-08-08,1924.10,1933.20,1923.00,1931.70,555.00
2023-08-09,1915.40,1928.80,1913.70,1925.40,451.00
2023-08-10,1914.40,1927.80,1911.40,1921.10,178.00
2023-08-11,1912.90,1916.60,1911.80,1913.00,57.00
2023-08-14,1910.60,1912.60,1903.30,1909.30,46.00
2023-08-15,1902.50,1907.70,1895.00,1906.00,73.00
2023-08-16,1896.10,1904.50,1890.30,1904.50,22.00
2023-08-17,1884.10,1902.40,1884.00,1893.70,245.00
2023-08-18,1886.10,1891.80,1886.10,1891.80,19.00
2023-08-21,1893.30,1893.60,1893.30,1893.60,876.00
2023-08-22,1896.40,1896.80,1892.80,1894.60,46.00
2023-08-23,1918.50,1918.50,1909.60,1909.60,547.00
2023-08-24,1918.20,1920.80,1918.20,1920.00,337.00
2023-08-25,1911.10,1919.80,1911.10,1919.80,195.00
2023-08-28,1917.90,1921.50,1915.50,1915.50,99.00
2023-08-29,1936.50,1936.50,1916.90,1917.90,1674.00
2023-08-30,1944.30,1946.40,1934.60,1936.00,396.00
2023-08-31,1938.20,1944.40,1938.20,1944.40,491.00
2023-09-01,1939.80,1950.00,1936.60,1950.00,167.00
2023-09-05,1926.20,1934.40,1924.70,1934.40,113.00
2023-09-06,1918.10,1925.30,1916.30,1924.10,24.00
2023-09-07,1917.50,1921.50,1917.50,1917.60,41.00
2023-09-08,1918.40,1924.70,1918.40,1924.00,105.00
2023-09-11,1923.30,1928.30,1921.80,1923.00,50.00
2023-09-12,1911.30,1920.80,1911.30,1920.80,365.00
2023-09-13,1909.10,1914.60,1908.90,1910.30,15.00
2023-09-14,1910.00,1910.00,1903.00,1903.00,169.00
2023-09-15,1923.70,1927.30,1923.50,1923.50,8.00
2023-09-18,1931.50,1931.50,1926.40,1928.20,19.00
2023-09-19,1932.00,1934.00,1932.00,1934.00,6.00
2023-09-20,1945.60,1945.60,1929.20,1945.60,119.00
2023-09-21,1919.20,1924.00,1919.20,1924.00,9.00
2023-09-22,1925.40,1925.40,1925.40,1925.40,1.00
2023-09-25,1916.60,1916.60,1916.60,1916.60,114.00
2023-09-26,1900.40,1905.10,1900.40,1905.00,161.00
2023-09-27,1871.60,1871.60,1871.60,1871.60,12251.00
2023-09-28,1860.40,1878.20,1856.70,1875.50,4654.00
2023-09-29,1848.10,1872.30,1846.00,1864.30,1605.00
2023-10-02,1830.00,1845.90,1826.70,1844.10,2309.00
2023-10-03,1824.60,1830.90,1816.80,1825.00,310.00
2023-10-04,1818.50,1828.20,1816.40,1821.80,357.00
2023-10-05,1816.60,1826.30,1815.60,1826.30,393.00
2023-10-06,1830.20,1831.80,1809.40,1819.00,390.00
2023-10-09,1849.50,1861.50,1842.50,1842.50,232.00
2023-10-10,1861.00,1861.40,1852.80,1857.00,236.00
2023-10-11,1872.80,1874.60,1869.10,1869.50,65.00
2023-10-12,1869.30,1881.20,1867.00,1874.70,46.00
2023-10-13,1927.40,1930.10,1877.50,1877.50,43.00
2023-10-16,1921.10,1921.10,1910.30,1910.40,53.00
2023-10-17,1922.70,1925.80,1914.30,1914.30,103.00
2023-10-18,1955.30,1957.90,1935.00,1935.00,67.00
2023-10-19,1968.40,1977.70,1945.70,1950.10,1945.00
2023-10-20,1982.50,1988.60,1980.40,1981.10,557.00
2023-10-23,1976.30,1978.90,1972.90,1976.20,127.00
2023-10-24,1975.00,1975.00,1970.30,1970.30,10.00
2023-10-25,1984.10,1985.30,1971.20,1971.20,97.00
2023-10-26,1987.20,1988.20,1980.40,1988.20,521.00
2023-10-27,1988.60,1988.60,1988.60,1988.60,372.00
2023-10-30,1996.20,2004.10,1992.50,2004.10,157.00
2023-10-31,1985.20,2001.00,1983.70,1996.50,84.00
2023-11-01,1978.80,1990.50,1977.80,1990.50,41.00
2023-11-02,1985.60,1990.30,1979.50,1989.10,39.00
2023-11-03,1991.50,1991.50,1989.00,1989.00,12.00
2023-11-06,1981.60,1981.60,1977.40,1981.60,130.00
2023-11-07,1966.80,1966.80,1960.70,1966.50,20.00
2023-11-08,1951.50,1967.80,1947.70,1967.80,43.00
2023-11-09,1964.20,1964.20,1945.30,1951.70,10.00
2023-11-10,1932.60,1959.60,1932.60,1959.60,375.00
2023-11-13,1945.50,1947.20,1934.00,1939.90,191.00
2023-11-14,1961.80,1965.80,1961.80,1965.80,2.00
2023-11-15,1960.10,1962.80,1960.00,1962.80,6.00
2023-11-16,1983.90,1983.90,1964.60,1965.30,39.00
2023-11-17,1981.60,1984.00,1979.80,1982.50,32.00
2023-11-20,1977.70,1979.40,1969.70,1978.70,182.00
2023-11-21,1999.30,2005.50,1988.50,1990.70,16.00
2023-11-22,1991.40,1999.40,1991.00,1999.10,6075.00
2023-11-24,2002.20,2002.20,1991.50,1991.90,63.00
2023-11-27,2011.80,2011.80,2011.70,2011.70,228.00
2023-11-28,2039.70,2042.70,2039.70,2040.60,174665.00
2023-11-29,2047.10,2052.10,2036.00,2041.70,15290.00
2023-11-30,2038.10,2047.10,2033.10,2046.10,2506.00
2023-12-01,2071.00,2073.20,2036.00,2038.30,614.00
2023-12-04,2024.10,2130.20,2021.00,2075.30,1071.00
2023-12-05,2018.50,2037.00,2010.20,2035.10,289.00
2023-12-06,2030.50,2035.80,2019.00,2019.90,417.00
2023-12-07,2029.90,2034.90,2024.00,2029.20,67.00
2023-12-08,1998.30,2033.10,1995.00,2031.70,449.00
2023-12-11,1978.00,2004.20,1977.20,2004.10,651.00
2023-12-12,1977.80,1994.20,1977.80,1984.20,95.00
2023-12-13,1982.30,2024.80,1975.00,1978.50,2252.00
2023-12-14,2030.20,2040.10,2024.30,2024.70,236.00
2023-12-15,2021.10,2043.40,2018.30,2032.60,261.00
2023-12-18,2026.30,2032.80,2024.00,2024.30,100.00
2023-12-19,2038.40,2042.70,2025.20,2025.20,498.00
2023-12-20,2034.50,2037.10,2030.30,2037.10,258.00
2023-12-21,2039.10,2044.50,2033.00,2035.80,228.00
2023-12-22,2057.10,2068.70,2052.20,2055.70,202.00
2023-12-26,2058.20,2060.80,2054.20,2060.00,64.00
2023-12-27,2081.90,2081.90,2064.80,2067.30,586.00
2023-12-28,2073.90,2087.30,2066.50,2081.60,338.00
2023-12-29,2062.40,2068.90,2062.10,2068.00,47.00
2024-01-02,2064.40,2073.70,2057.10,2063.50,61.00
2024-01-03,2034.20,2044.00,2034.20,2034.20,54.00
2024-01-04,2042.30,2044.50,2038.00,2041.60,88.00
2024-01-05,2042.40,2048.10,2042.40,2044.50,12.00
2024-01-08,2026.60,2033.70,2019.10,2019.10,10.00
2024-01-09,2026.40,2035.80,2026.40,2035.80,27.00
2024-01-10,2021.70,2035.60,2021.70,2029.00,538.00
2024-01-11,2014.30,2025.10,2014.30,2025.10,97.00
2024-01-12,2046.70,2057.00,2031.10,2031.10,390.00
2024-01-16,2026.00,2054.80,2026.00,2051.70,46.00
2024-01-17,2002.60,2026.50,2002.60,2026.50,764.00
2024-01-18,2018.60,2018.60,2009.50,2012.80,1474.00
2024-01-19,2026.50,2036.00,2019.50,2023.20,50.00
2024-01-22,2019.80,2021.30,2019.80,2021.30,12.00
2024-01-23,2023.70,2030.30,2022.50,2030.30,15.00
2024-01-24,2013.90,2033.20,2013.90,2023.20,253.00
2024-01-25,2016.90,2022.40,2012.10,2012.10,548.00
2024-01-26,2016.80,2022.40,2016.80,2021.70,49.00
2024-01-29,2025.20,2025.20,2025.20,2025.20,150708.00
2024-01-30,2031.50,2048.50,2028.10,2032.50,26907.00
2024-01-31,2048.40,2055.00,2030.00,2035.40,2007.00
2024-02-01,2053.00,2064.50,2029.00,2040.20,947.00
2024-02-02,2036.10,2055.90,2027.70,2054.80,888.00
2024-02-05,2025.70,2040.80,2013.80,2038.90,412.00
2024-02-06,2034.50,2037.30,2025.90,2025.90,249.00
2024-02-07,2035.20,2039.50,2032.70,2032.80,71.00
2024-02-08,2032.20,2036.70,2020.30,2028.00,341.00
2024-02-09,2023.30,2032.00,2020.00,2032.00,62.00
2024-02-12,2018.20,2025.50,2011.60,2025.50,317.00
2024-02-13,1992.90,2025.80,1990.00,2025.10,198.00
2024-02-14,1990.30,1993.50,1984.80,1990.30,1916.00
2024-02-15,2002.10,2007.20,1993.60,1993.60,286.00
2024-02-16,2011.50,2011.50,1996.50,2005.00,32.00
2024-02-20,2027.50,2029.00,2015.60,2015.60,1326.00
2024-02-21,2022.30,2028.20,2022.30,2028.20,15.00
2024-02-22,2019.70,2033.20,2019.70,2033.20,964.00
2024-02-23,2038.60,2038.60,2014.90,2026.00,22.00
2024-02-26,2028.50,2035.40,2024.80,2034.10,143.00
2024-02-27,2034.00,2035.90,2034.00,2035.90,964.00
2024-02-28,2033.00,2037.00,2024.80,2029.50,581.00
2024-02-29,2045.70,2049.80,2034.30,2034.30,706.00
2024-03-01,2086.90,2086.90,2041.80,2043.10,1210.00
2024-03-04,2117.70,2119.80,2080.70,2083.60,805.00
2024-03-05,2133.50,2133.50,2111.40,2114.90,1287.00
2024-03-06,2150.30,2150.30,2125.50,2125.50,443.00
2024-03-07,2158.00,2163.00,2147.00,2147.00,152.00
2024-03-08,2178.60,2194.90,2166.30,2167.30,259.00
2024-03-11,2182.50,2184.00,2177.20,2181.00,738.00
2024-03-12,2160.40,2182.70,2160.40,2182.50,550.00
2024-03-13,2175.40,2175.40,2162.50,2162.50,20.00
2024-03-14,2163.00,2163.00,2162.30,2163.00,515.00
2024-03-15,2157.30,2161.70,2157.30,2161.70,100.00
2024-03-18,2160.70,2160.70,2146.20,2146.20,21.00
2024-03-19,2156.30,2156.30,2156.10,2156.10,12.00
2024-03-20,2157.90,2185.90,2150.90,2157.30,17.00
2024-03-21,2182.40,2211.60,2182.40,2207.00,63.00
2024-03-22,2158.10,2179.60,2157.50,2179.20,19.00
2024-03-25,2174.80,2179.40,2166.20,2166.20,79.00
2024-03-26,2175.60,2182.70,2175.60,2182.70,202373.00
2024-03-27,2190.60,2196.20,2172.10,2179.40,31200.00
2024-03-28,2217.40,2234.10,2187.10,2193.60,2040.00
2024-04-01,2236.50,2264.20,2230.00,2235.70,400.00
2024-04-02,2261.00,2279.20,2247.60,2252.00,435.00
2024-04-03,2294.40,2298.80,2267.90,2281.70,285.00
2024-04-04,2288.80,2302.90,2280.00,2301.70,251.00
2024-04-05,2325.70,2328.40,2267.40,2289.20,344.00
2024-04-08,2331.70,2341.80,2319.00,2325.60,202.00
2024-04-09,2343.50,2364.70,2337.80,2337.80,211.00
2024-04-10,2329.60,2358.10,2327.70,2346.60,377.00
2024-04-11,2354.80,2376.30,2330.60,2341.50,283.00
2024-04-12,2356.20,2429.00,2334.30,2377.30,584.00
2024-04-15,2365.80,2384.70,2326.00,2362.10,1801.00
2024-04-16,2390.80,2390.80,2371.40,2384.00,41.00
2024-04-17,2371.70,2391.40,2369.30,2384.20,37.00
2024-04-18,2382.30,2384.40,2368.40,2368.40,128.00
2024-04-19,2398.40,2399.80,2377.30,2379.30,160.00
2024-04-22,2332.20,2383.30,2326.90,2383.30,53.00
2024-04-23,2327.70,2330.80,2294.20,2327.70,171.00
2024-04-24,2324.50,2328.70,2314.60,2321.30,95.00
2024-04-25,2329.80,2329.80,2305.00,2315.00,1024.00
2024-04-26,2334.80,2347.90,2332.80,2347.90,717.00
2024-04-29,2345.40,2345.50,2327.90,2334.80,405.00
2024-04-30,2291.40,2322.50,2291.40,2322.50,113.00
2024-05-01,2299.90,2327.30,2283.80,2287.70,42.00
2024-05-02,2299.20,2324.70,2292.30,2321.70,56.00
2024-05-03,2299.00,2301.00,2277.60,2300.00,194.00
2024-05-06,2321.60,2325.50,2314.20,2322.80,9.00
2024-05-07,2315.20,2324.30,2315.20,2324.30,25.00
2024-05-08,2313.60,2313.60,2313.60,2313.60,4.00
2024-05-09,2332.10,2339.50,2310.70,2310.70,5.00
2024-05-10,2367.30,2367.30,2367.30,2367.30,126.00
2024-05-13,2336.10,2358.30,2336.10,2358.30,14.00
2024-05-14,2353.40,2358.00,2336.00,2336.00,6.00
2024-05-15,2388.70,2388.70,2356.00,2361.60,29.00
2024-05-16,2380.00,2392.20,2380.00,2389.50,7.00
2024-05-17,2412.20,2415.80,2380.70,2380.70,213.00
2024-05-20,2433.90,2435.80,2409.70,2415.80,40.00
2024-05-21,2421.70,2429.50,2421.00,2429.50,6.00
2024-05-22,2389.20,2417.60,2375.80,2417.50,180.00
2024-05-23,2335.00,2371.20,2335.00,2371.20,365.00
2024-05-24,2332.50,2345.40,2332.50,2342.60,25.00
2024-05-28,2355.20,2359.70,2336.90,2336.90,26.00
2024-05-29,2340.30,2340.30,2340.30,2340.30,119317.00
2024-05-30,2342.90,2349.50,2320.80,2336.90,32587.00
2024-05-31,2322.90,2354.00,2319.00,2344.10,941.00
2024-06-03,2346.60,2347.50,2312.00,2322.60,781.00
2024-06-04,2325.50,2347.70,2313.90,2347.50,890.00
2024-06-05,2354.10,2354.30,2326.20,2326.40,295.00
2024-06-06,2370.30,2375.80,2355.00,2355.00,179.00
2024-06-07,2305.20,2385.10,2285.40,2379.90,269.00
2024-06-10,2307.70,2309.30,2290.50,2290.60,69.00
2024-06-11,2307.50,2314.10,2300.00,2300.00,871.00
2024-06-12,2336.00,2338.70,2310.30,2314.90,132.00
2024-06-13,2300.20,2317.70,2296.20,2309.40,298.00
2024-06-14,2331.40,2331.40,2305.80,2307.00,948.00
2024-06-17,2312.40,2320.20,2309.60,2320.20,110.00
2024-06-18,2330.40,2330.40,2311.80,2311.80,43.00
2024-06-20,2353.80,2354.00,2328.30,2328.90,183.00
2024-06-21,2316.40,2331.20,2316.40,2331.20,76.00
2024-06-24,2330.00,2332.90,2322.70,2323.30,99.00
2024-06-25,2316.60,2333.00,2316.60,2324.40,105.00
2024-06-26,2299.20,2314.40,2298.00,2307.90,986.00
2024-06-27,2324.50,2329.00,2295.00,2296.80,1532.00
2024-06-28,2327.70,2338.30,2319.00,2325.40,92.00
2024-07-01,2327.60,2329.70,2321.70,2323.80,237.00
2024-07-02,2323.00,2334.60,2323.00,2330.70,30.00
2024-07-03,2359.80,2361.60,2330.90,2330.90,59.00
2024-07-05,2388.50,2388.50,2354.90,2354.90,72.00
2024-07-08,2355.20,2383.80,2352.80,2381.70,64.00
2024-07-09,2360.10,2363.70,2360.10,2363.10,9.00
2024-07-10,2372.20,2377.00,2365.80,2366.30,19.00
2024-07-11,2415.00,2416.70,2378.70,2378.70,72.00
2024-07-12,2414.00,2414.00,2391.30,2399.80,355.00
2024-07-15,2422.90,2436.00,2422.90,2430.00,540.00
2024-07-16,2462.40,2462.40,2427.40,2427.40,93.00
2024-07-17,2454.80,2473.10,2454.80,2472.90,10.00
2024-07-18,2451.80,2466.00,2451.80,2466.00,2.00
2024-07-19,2395.50,2419.20,2395.50,2418.80,15.00
2024-07-22,2392.00,2402.10,2392.00,2402.10,18.00
2024-07-23,2404.60,2404.60,2388.70,2395.80,41.00
2024-07-24,2413.30,2421.00,2411.60,2421.00,6.00
2024-07-25,2351.90,2365.50,2351.90,2365.50,31.00
2024-07-26,2380.00,2386.90,2368.70,2368.70,95.00
2024-07-29,2377.30,2377.30,2377.30,2377.30,126409.00
2024-07-30,2405.00,2409.30,2373.80,2380.90,25944.00
2024-07-31,2426.50,2447.60,2402.80,2407.10,1313.00
2024-08-01,2435.00,2455.10,2430.40,2446.70,690.00
2024-08-02,2425.70,2477.00,2416.00,2444.00,550.00
2024-08-05,2401.70,2449.80,2367.40,2442.00,334.00
2024-08-06,2389.10,2421.80,2380.00,2414.50,163.00
2024-08-07,2390.50,2401.00,2384.50,2392.20,130.00
2024-08-08,2422.20,2422.80,2384.30,2384.30,201.00
2024-08-09,2432.10,2432.10,2418.50,2422.30,611.00
2024-08-12,2462.40,2469.80,2432.00,2432.70,566.00
2024-08-13,2466.70,2470.00,2456.50,2461.00,510.00
2024-08-14,2439.40,2472.10,2439.40,2468.00,274.00
2024-08-15,2453.10,2467.70,2431.20,2451.80,285.00
2024-08-16,2498.60,2508.00,2451.40,2453.50,197.00
2024-08-19,2501.80,2508.50,2487.20,2508.50,88.00
2024-08-20,2511.30,2527.30,2500.70,2503.50,187.00
2024-08-21,2508.40,2515.40,2503.90,2511.00,96.00
2024-08-22,2478.90,2504.10,2471.10,2504.10,210.00
2024-08-23,2508.40,2508.40,2486.50,2486.50,94.00
2024-08-26,2517.70,2523.10,2509.10,2509.90,290.00
2024-08-27,2516.00,2523.10,2506.90,2515.20,100.00
2024-08-28,2501.00,2501.00,2501.00,2501.00,2353.00
2024-08-29,2525.70,2525.70,2503.90,2504.10,3966.00
2024-08-30,2493.80,2525.40,2493.80,2519.50,208.00
2024-09-03,2489.90,2501.80,2476.30,2501.60,206.00
2024-09-04,2493.40,2493.40,2483.50,2490.90,470.00
2024-09-05,2511.40,2513.30,2493.40,2493.70,54.00
2024-09-06,2493.50,2517.90,2483.70,2510.30,96.00
2024-09-09,2501.80,2504.70,2491.30,2491.30,96.00
2024-09-10,2512.30,2512.30,2512.30,2512.30,5.00
2024-09-11,2512.10,2525.80,2502.30,2525.80,90.00
2024-09-12,2551.20,2557.00,2523.40,2529.10,132.00
2024-09-13,2581.30,2581.80,2565.00,2568.80,31.00
2024-09-16,2580.40,2580.40,2580.40,2580.40,28.00
2024-09-17,2564.30,2581.80,2564.30,2581.20,22.00
2024-09-18,2570.70,2570.70,2549.20,2570.70,25.00
2024-09-19,2588.00,2588.00,2566.00,2566.00,99.00
2024-09-20,2619.90,2621.80,2590.40,2590.40,17.00
2024-09-23,2626.50,2626.50,2626.50,2626.50,9.00
2024-09-24,2651.20,2662.30,2625.50,2636.80,35.00
2024-09-25,2659.20,2664.20,2649.30,2656.30,175.00
2024-09-26,2669.90,2669.90,2660.80,2662.30,17216.00
2024-09-27,2644.30,2672.10,2641.70,2670.00,4228.00
2024-09-30,2636.10,2662.10,2623.20,2660.90,973.00
2024-10-01,2667.30,2670.90,2631.40,2631.40,153.00
2024-10-02,2647.10,2657.20,2640.00,2650.60,72.00
2024-10-03,2657.10,2657.10,2640.00,2642.80,354.00
2024-10-04,2645.80,2667.00,2639.00,2656.00,114.00
2024-10-07,2644.80,2657.40,2639.00,2648.70,284.00
2024-10-08,2615.00,2639.00,2609.30,2639.00,687.00
2024-10-09,2606.00,2607.70,2603.00,2603.00,152.00
2024-10-10,2620.60,2628.30,2602.50,2602.50,320.00
2024-10-11,2657.60,2658.10,2638.20,2638.30,12.00
2024-10-14,2647.80,2655.30,2647.80,2655.00,40.00
2024-10-15,2661.40,2661.40,2661.40,2661.40,39.00
2024-10-16,2674.00,2674.00,2674.00,2674.00,6.00
2024-10-17,2691.00,2691.70,2677.20,2677.40,30.00
2024-10-18,2713.70,2719.60,2713.70,2713.70,29.00
2024-10-21,2723.10,2738.40,2719.50,2721.90,52.00
2024-10-22,2744.20,2746.00,2728.60,2731.70,93.00
2024-10-23,2714.40,2742.50,2714.20,2742.50,18.00
2024-10-24,2734.90,2736.10,2729.00,2729.00,27.00
2024-10-25,2740.90,2742.40,2725.50,2725.50,29.00
2024-10-28,2742.90,2742.90,2729.50,2736.10,56.00
2024-10-29,2768.40,2768.40,2768.40,2768.40,848.00
2024-10-30,2788.50,2789.00,2774.60,2774.60,231.00
2024-10-31,2738.30,2787.50,2733.50,2787.40,849.00
2024-11-01,2738.60,2756.00,2734.20,2745.50,109.00
2024-11-04,2736.10,2737.10,2736.10,2736.50,16.00
2024-11-05,2740.30,2743.90,2740.30,2743.00,23.00
2024-11-06,2667.60,2734.50,2659.40,2734.50,427.00
2024-11-07,2698.40,2699.10,2662.50,2662.50,676.00
2024-11-08,2687.50,2694.60,2682.90,2688.50,1038.00
2024-11-11,2611.20,2671.70,2611.20,2671.70,20.00
2024-11-12,2600.00,2605.50,2592.80,2605.50,118.00
2024-11-13,2580.80,2611.80,2580.80,2611.10,53.00
2024-11-14,2568.20,2576.20,2554.20,2555.10,27.00
2024-11-15,2565.70,2565.70,2565.70,2565.70,20.00
2024-11-18,2610.60,2610.70,2589.40,2591.70,136.00
2024-11-19,2627.10,2627.70,2619.30,2621.90,87.00
2024-11-20,2648.20,2648.20,2638.50,2638.50,27.00
2024-11-21,2672.10,2672.10,2655.70,2659.30,33.00
2024-11-22,2709.90,2710.50,2685.60,2687.50,41.00
2024-11-25,2616.80,2689.40,2616.80,2689.40,94.00
2024-11-26,2620.30,2625.60,2620.30,2625.60,177858.00
2024-11-27,2639.90,2657.90,2627.20,2633.50,61653.00
2024-11-29,2657.00,2664.30,2620.70,2636.40,3861.00
2024-12-02,2634.90,2649.80,2621.70,2649.00,695.00
2024-12-03,2644.70,2654.70,2636.00,2639.00,1062.00
2024-12-04,2653.80,2658.30,2637.00,2639.20,249.00
2024-12-05,2626.60,2655.00,2625.70,2652.40,573.00
2024-12-06,2638.60,2643.10,2617.50,2620.20,571.00
2024-12-09,2664.90,2677.10,2630.80,2632.10,935.00
2024-12-10,2697.60,2698.20,2661.00,2662.30,437.00
2024-12-11,2733.80,2733.80,2693.10,2701.80,3387.00
2024-12-12,2687.50,2725.10,2677.40,2725.10,2365.00
2024-12-13,2656.00,2689.30,2647.90,2688.20,1125.00
2024-12-16,2651.40,2663.30,2651.00,2658.30,877.00
2024-12-17,2644.40,2652.30,2632.50,2651.80,705.00
2024-12-18,2636.50,2647.10,2590.20,2644.30,566.00
2024-12-19,2592.20,2610.30,2582.10,2582.10,238.00
2024-12-20,2628.70,2631.60,2604.90,2605.30,592.00
2024-12-23,2612.30,2627.70,2611.10,2620.00,451.00
2024-12-24,2620.00,2620.00,2609.50,2613.00,35.00
2024-12-26,2638.80,2638.80,2627.90,2628.50,84.00
2024-12-27,2617.20,2617.70,2616.40,2617.70,642.00
2024-12-30,2606.10,2626.90,2597.00,2620.70,794.00
2024-12-31,2629.20,2629.20,2604.90,2608.40,401.00
